Symbol,Conf.,Open,High,Low,Close,LTP,Close - LTP,Close - LTP %,VWAP,Vol,Prev. Close,Turnover,Trans.,Diff,Range,Diff %,Range %,VWAP %,120 Days,180 Days,52 Weeks High,52 Weeks Low
ACLBSL,29.85,900.00,900.00,871.00,892.40,892.40,0.00,0.00,891.63,650.00,900.00,"579,557.00",17,-7.60,29.00,-0.84,3.33,0.09,955.74,958.47,"1,098.00",827.90
ADBL,28.52,305.00,305.00,291.20,295.50,295.50,0.00,0.00,296.32,"16,748.00",299.00,"4,962,800.70",139,-3.50,13.80,-1.17,4.74,-0.28,311.83,307.29,340.00,285.20
AHL,25.70,380.00,380.10,369.00,369.00,369.00,0.00,0.00,374.79,"1,613.00",390.00,"604,540.90",44,-21.00,11.10,-5.38,3.01,-1.57,476.17,505.53,699.00,369.00
AHPC,26.10,251.00,251.20,247.30,247.50,247.50,0.00,0.00,248.68,"57,393.00",252.70,"14,272,649.60",245,-5.20,3.90,-2.06,1.58,-0.48,277.98,276.75,323.30,246.50
AKJCL,27.96,343.00,345.30,335.10,336.90,336.90,0.00,0.00,336.76,"136,000.00",343.00,"45,798,901.00",358,-6.10,10.20,-1.78,3.04,0.04,377.37,335.98,461.40,172.90
AKPL,33.78,238.00,241.80,238.00,241.00,241.00,0.00,0.00,240.33,"83,964.00",244.00,"20,179,121.40",187,-3.00,3.80,-1.23,1.60,0.28,267.68,263.28,317.00,227.50
ALBSL,21.94,"1,071.00","1,084.00","1,060.10","1,084.00","1,084.00",0.00,0.00,"1,068.39","1,215.00","1,108.00","1,298,090.30",56,-24.00,23.90,-2.17,2.25,1.44,"1,120.33","1,128.08","1,334.00",930.00
ALICL,25.99,391.20,398.00,390.00,393.90,393.90,0.00,0.00,392.19,"9,322.00",402.30,"3,656,029.10",110,-8.40,8.00,-2.09,2.05,0.43,447.15,453.82,505.00,381.40
ANLB,31.56,"4,800.00","4,944.00","4,800.00","4,944.00","4,944.00",0.00,0.00,"4,847.90","1,294.00","4,920.00","6,273,184.90",41,24.00,144.00,0.49,3.00,1.94,"6,043.62","6,081.10","7,560.00","4,800.00"
APHL,32.45,674.50,680.00,651.00,670.60,670.60,0.00,0.00,668.24,"11,133.00",689.00,"7,439,530.20",198,-18.40,29.00,-2.67,4.45,0.35,0.00,0.00,"1,053.40",299.70
API,25.04,325.90,325.90,321.70,322.20,322.20,0.00,0.00,323.50,"132,043.00",325.90,"42,715,521.60",486,-3.70,4.20,-1.14,1.31,-0.40,340.93,325.25,370.00,258.80
AVYAN,24.45,"1,004.00","1,010.00",975.00,"1,000.00","1,000.00",0.00,0.00,992.52,"3,542.00","1,017.60","3,515,502.00",57,-17.60,35.00,-1.73,3.59,0.75,"1,093.29","1,048.73","1,366.00",906.00
BANDIPUR,32.77,657.00,657.00,621.00,638.90,638.90,0.00,0.00,637.35,"28,076.00",657.00,"17,894,148.80",376,-18.10,36.00,-2.75,5.80,0.24,803.21,831.85,"1,233.00",285.00
BARUN,29.44,312.00,313.00,306.00,309.00,309.00,0.00,0.00,309.05,"28,623.00",313.90,"8,845,810.00",114,-4.90,7.00,-1.56,2.29,-0.01,340.62,340.11,401.50,292.10
BBC,35.52,"4,067.90","4,070.00","3,942.10","4,000.00","4,000.00",0.00,0.00,"4,016.81",668.00,"4,050.00","2,683,232.00",29,-50.00,127.90,-1.23,3.24,-0.42,"4,537.87","4,637.30","5,600.00","3,825.00"
BEDC,28.04,285.00,289.00,272.70,278.00,278.00,0.00,0.00,277.80,"23,583.00",289.00,"6,551,442.10",126,-11.00,16.30,-3.81,5.98,0.07,380.06,432.34,728.00,272.70
BFC,29.50,465.00,465.00,445.00,448.50,448.50,0.00,0.00,450.94,"15,468.00",459.70,"6,975,191.50",103,-11.20,20.00,-2.44,4.49,-0.54,487.87,482.63,562.00,411.50
BGWT,27.34,505.00,506.00,466.00,493.00,493.00,0.00,0.00,479.98,"2,067.00",513.00,"992,118.50",53,-20.00,40.00,-3.90,8.58,2.64,648.14,689.31,944.00,466.00
BHCL,28.04,528.00,558.00,528.00,545.00,545.00,0.00,0.00,542.12,"47,279.00",555.00,"25,630,943.10",291,-10.00,30.00,-1.80,5.68,0.53,541.94,544.47,699.00,394.00
BHDC,26.89,417.00,417.00,405.10,406.00,406.00,0.00,0.00,409.69,"13,062.00",420.00,"5,351,397.70",83,-14.00,11.90,-3.33,2.94,-0.91,456.12,464.36,616.00,405.10
BHL,26.88,200.00,200.00,195.10,195.30,195.30,0.00,0.00,196.70,"76,883.00",199.70,"15,122,729.50",373,-4.40,4.90,-2.20,2.51,-0.72,218.93,208.74,264.40,164.00
BHPL,20.40,450.00,454.90,425.00,433.00,433.00,0.00,0.00,434.74,"6,093.00",458.00,"2,648,895.20",67,-25.00,29.90,-5.46,7.04,-0.40,522.21,539.93,789.00,425.00
BJHL,17.04,645.10,660.00,626.00,639.00,639.00,0.00,0.00,633.17,"6,320.00",665.00,"4,001,603.90",137,-26.00,34.00,-3.91,5.43,0.91,0.00,0.00,"1,305.00",270.10
BNHC,24.06,255.00,263.00,251.00,252.00,252.00,0.00,0.00,254.83,"20,722.00",263.60,"5,280,586.20",138,-11.60,12.00,-4.40,4.78,-1.12,320.73,366.46,613.80,251.00
BNT,23.77,"11,551.00","11,600.00","11,551.00","11,570.00","11,570.00",0.00,0.00,"11,578.20",50.00,"11,550.10","578,910.00",5,19.90,49.00,0.17,0.42,-0.07,"11,701.16","11,753.09","12,760.00","10,660.00"
BOKD86,22.74,"1,078.00","1,078.00","1,053.10","1,053.10","1,053.10",0.00,0.00,"1,065.55",50.00,"1,111.00","53,277.50",2,-57.90,24.90,-5.21,2.36,-1.18,"1,080.25","1,065.55","1,145.00","1,045.00"
BPCL,24.34,635.00,636.00,626.20,627.00,627.00,0.00,0.00,628.65,"20,854.00",640.00,"13,109,951.40",121,-13.00,9.80,-2.03,1.56,-0.26,680.53,698.94,847.30,612.00
BUNGAL,19.96,540.00,540.00,510.00,510.10,510.10,0.00,0.00,519.52,"20,729.00",542.90,"10,769,190.30",232,-32.80,30.00,-6.04,5.88,-1.85,636.52,640.50,895.00,302.40
C30MF,35.48,9.75,9.95,9.75,9.95,9.95,0.00,0.00,9.92,"1,550.00",9.76,"15,383.50",3,0.19,0.20,1.95,2.05,0.25,10.02,9.81,10.45,8.70
CBBL,24.81,932.00,934.00,921.00,921.00,921.00,0.00,0.00,925.91,"10,679.00",932.00,"9,887,778.60",155,-11.00,13.00,-1.18,1.41,-0.53,924.25,937.47,"1,077.90",882.00
CFCL,28.46,560.00,587.70,560.00,580.00,580.00,0.00,0.00,575.06,"45,402.00",585.70,"26,108,871.20",192,-5.70,27.70,-0.97,4.95,0.85,578.69,557.12,699.00,445.10
CGH,24.97,761.00,770.00,761.00,763.10,763.10,0.00,0.00,766.28,"5,167.00",770.00,"3,959,368.50",44,-6.90,9.00,-0.90,1.18,-0.42,801.75,823.01,"1,060.00",748.00
CHCL,24.12,395.00,395.00,360.00,362.50,362.50,0.00,0.00,369.90,"326,757.00",405.00,"120,866,483.80","2,031",-42.50,35.00,-10.49,9.72,-2.04,485.11,483.59,525.00,360.00
CHDC,21.71,"2,170.00","2,176.90","2,135.00","2,144.90","2,144.90",0.00,0.00,"2,144.28","6,712.00","2,183.00","14,392,409.40",128,-38.10,41.90,-1.75,1.96,0.03,"2,285.30","2,307.07","2,717.00","1,967.00"
CHL,22.78,258.40,258.40,235.90,244.00,244.00,0.00,0.00,245.15,"47,208.00",258.40,"11,572,883.10",170,-14.40,22.50,-5.57,9.54,-0.47,283.26,279.19,332.50,223.40
CIT,30.42,"1,670.10","1,670.10","1,652.20","1,652.20","1,652.20",0.00,0.00,"1,657.50","5,288.00","1,670.00","8,764,838.40",117,-17.80,17.90,-1.07,1.08,-0.32,"1,750.91","1,767.34","1,973.00","1,630.30"
CITY,26.22,329.70,355.00,329.70,339.00,339.00,0.00,0.00,342.17,"59,505.00",347.00,"20,360,900.70",329,-8.00,25.30,-2.31,7.67,-0.94,416.03,440.60,649.00,327.80
CIZBD86,20.16,"1,214.00","1,214.00","1,177.60","1,177.60","1,177.60",0.00,0.00,"1,195.80",100.00,"1,214.90","119,580.00",4,-37.30,36.40,-3.07,3.09,-1.55,"1,105.57",0.00,"1,320.90","1,112.30"
CKHL,12.17,558.00,558.10,552.10,553.10,553.10,0.00,0.00,556.88,200.00,575.00,"111,375.00",14,-21.90,6.00,-3.81,1.09,-0.68,648.96,659.04,804.00,525.00
CLI,27.62,415.00,417.00,412.30,412.30,412.30,0.00,0.00,413.90,"6,700.00",417.10,"2,773,143.90",206,-4.80,4.70,-1.15,1.14,-0.39,455.55,463.48,526.00,411.00
CORBL,26.71,900.00,903.00,880.00,880.50,880.50,0.00,0.00,886.55,"12,108.00",902.20,"10,734,311.00",212,-21.70,23.00,-2.41,2.61,-0.69,"1,716.96","1,701.74","3,183.00",850.00
CREST,26.21,"1,100.00","1,100.00","1,020.00","1,044.00","1,044.00",0.00,0.00,"1,029.40","6,811.00","1,074.10","7,011,229.80",134,-30.10,80.00,-2.80,7.84,1.40,"1,233.86","1,263.56","1,588.00",985.20
CSY,28.17,8.30,8.49,8.20,8.21,8.21,0.00,0.00,8.28,"58,830.00",8.50,"487,284.07",40,-0.29,0.29,-3.41,3.54,-0.89,9.25,0.00,10.00,8.20
CYCL,28.70,"1,620.00","1,630.00","1,512.00","1,615.00","1,615.00",0.00,0.00,"1,554.45","10,510.00","1,612.00","16,337,279.80",135,3.00,118.00,0.19,7.80,3.75,"1,471.23","1,497.88","1,833.30","1,216.00"
CZBIL,27.10,192.20,194.70,192.00,192.00,192.00,0.00,0.00,192.79,"16,973.00",194.80,"3,272,173.10",97,-2.80,2.70,-1.44,1.41,-0.41,205.36,201.71,238.60,183.00
DDBL,21.25,830.00,835.00,822.00,822.10,822.10,0.00,0.00,823.95,"3,443.00",835.00,"2,836,875.80",65,-12.90,13.00,-1.54,1.58,-0.23,845.49,845.83,927.00,793.00
DHEL,17.88,547.10,554.00,542.00,543.00,543.00,0.00,0.00,544.58,"8,446.00",564.00,"4,599,483.70",162,-21.00,12.00,-3.72,2.21,-0.29,622.06,635.29,918.90,402.20
DHPL,33.85,272.00,274.00,264.10,269.80,269.80,0.00,0.00,266.98,"4,193.00",274.50,"1,119,459.50",29,-4.70,9.90,-1.71,3.75,1.04,298.94,299.01,345.00,254.00
DLBS,20.39,985.00,999.80,985.00,990.00,990.00,0.00,0.00,989.24,168.00,"1,007.10","166,191.70",11,-17.10,14.80,-1.70,1.50,0.08,"1,267.57","1,291.92","1,500.00",985.00
DOLTI,28.03,285.00,290.00,280.00,282.00,282.00,0.00,0.00,281.46,"21,538.00",291.60,"6,062,097.50",110,-9.60,10.00,-3.29,3.57,0.19,377.50,425.49,596.00,278.00
DORDI,25.31,242.00,242.00,235.00,236.10,236.10,0.00,0.00,236.38,"21,125.00",242.00,"4,993,592.10",127,-5.90,7.00,-2.44,2.98,-0.12,270.72,270.63,327.40,213.10
EBL,26.83,726.00,726.00,691.50,711.90,711.90,0.00,0.00,709.92,"47,912.00",729.50,"34,013,905.10",540,-17.60,34.50,-2.41,4.99,0.28,707.73,691.87,780.60,619.00
EBLD85,38.64,"1,140.00","1,140.90","1,140.00","1,140.90","1,140.90",0.00,0.00,"1,140.45",50.00,"1,110.00","57,022.50",2,30.90,0.90,2.78,0.08,0.04,"1,159.63","1,153.97","1,250.00","1,091.80"
EBLD91,23.11,"1,058.00","1,066.00","1,058.00","1,066.00","1,066.00",0.00,0.00,"1,063.33",75.00,"1,061.00","79,750.00",3,5.00,8.00,0.47,0.76,0.25,"1,087.07","1,091.20","1,142.40",994.40
ECL,21.89,"1,400.00","1,400.00","1,320.00","1,320.00","1,320.00",0.00,0.00,"1,354.39","19,251.00","1,400.00","26,073,361.80",486,-80.00,80.00,-5.71,6.06,-2.61,0.00,0.00,"1,980.00",296.60
EDBL,21.49,566.20,570.00,563.10,563.10,563.10,0.00,0.00,567.80,"2,535.00",566.00,"1,439,371.00",17,-2.90,6.90,-0.51,1.23,-0.83,583.27,585.89,683.40,545.00
EHPL,27.21,329.50,329.50,295.00,300.00,300.00,0.00,0.00,302.95,"13,035.00",313.90,"3,948,918.00",120,-13.90,34.50,-4.43,11.69,-0.98,382.03,394.26,599.00,295.00
ENL,26.04,765.00,785.00,760.00,784.00,784.00,0.00,0.00,765.26,730.00,764.00,"558,640.50",27,20.00,25.00,2.62,3.29,2.39,869.22,884.94,"1,066.00",760.00
FMDBL,20.29,715.50,725.00,700.00,720.00,720.00,0.00,0.00,714.19,"6,866.00",728.00,"4,903,653.00",60,-8.00,25.00,-1.10,3.57,0.81,795.35,797.23,982.00,700.00
FOWAD,30.38,878.00,878.00,850.00,859.00,859.00,0.00,0.00,864.75,"3,569.00",878.00,"3,086,275.30",88,-19.00,28.00,-2.16,3.29,-0.67,"1,038.84","1,053.99","1,364.00",850.00
GBBD85,23.25,"1,054.00","1,058.00","1,054.00","1,058.00","1,058.00",0.00,0.00,"1,056.00",50.00,"1,054.10","52,800.00",2,3.90,4.00,0.37,0.38,0.19,"1,080.74","1,085.50","1,135.00","1,038.00"
GBBL,23.98,422.00,425.00,419.40,420.10,420.10,0.00,0.00,420.34,"13,793.00",422.00,"5,797,811.30",90,-1.90,5.60,-0.45,1.34,-0.06,414.97,406.79,445.90,367.40
GBILD84/85,15.29,"1,150.00","1,150.00","1,150.00","1,150.00","1,150.00",0.00,0.00,"1,150.00",10.00,"1,130.00","11,500.00",1,20.00,0.00,1.77,0.00,0.00,"1,160.82","1,164.09","1,238.00","1,067.00"
GBIME,28.52,242.00,246.00,239.20,240.00,240.00,0.00,0.00,240.18,"85,641.00",242.00,"20,569,333.50",316,-2.00,6.80,-0.83,2.84,-0.08,242.22,237.08,270.60,218.90
GBIMESY2,35.63,9.00,9.00,8.90,8.92,8.92,0.00,0.00,8.99,"2,300.00",8.89,"20,673.00",4,0.03,0.10,0.34,1.12,-0.77,9.37,9.28,10.78,8.50
GBLBS,31.07,660.00,660.00,651.00,660.00,660.00,0.00,0.00,654.53,"2,351.00",666.00,"1,538,796.50",33,-6.00,9.00,-0.90,1.38,0.83,760.66,763.70,868.00,650.10
GCIL,46.05,375.00,399.40,375.00,398.00,398.00,0.00,0.00,390.78,"173,367.00",370.00,"67,748,577.20","1,352",28.00,24.40,7.57,6.51,1.81,396.25,406.57,495.00,315.50
GFCL,33.98,563.30,573.90,560.00,569.00,569.00,0.00,0.00,566.55,"8,718.00",570.00,"4,939,211.00",48,-1.00,13.90,-0.18,2.48,0.43,630.23,629.12,738.00,528.30
GHL,16.61,225.00,230.00,217.00,220.00,220.00,0.00,0.00,219.35,"78,097.00",226.90,"17,130,871.70",287,-6.90,13.00,-3.04,5.99,0.29,238.44,233.47,290.00,197.10
GIBF1,21.28,10.62,10.62,10.52,10.60,10.60,0.00,0.00,10.58,"1,500.00",10.62,"15,868.00",7,-0.02,0.10,-0.19,0.95,0.20,10.83,10.71,11.67,9.30
GILB,30.15,"1,083.00","1,089.80","1,070.00","1,070.00","1,070.00",0.00,0.00,"1,085.62","6,100.00","1,089.50","6,622,302.50",23,-19.50,19.80,-1.79,1.85,-1.46,"1,124.27","1,145.56","1,350.00","1,020.10"
GLBSL,26.36,"1,670.00","1,679.00","1,655.00","1,679.00","1,679.00",0.00,0.00,"1,664.89",71.00,"1,705.00","118,207.00",6,-26.00,24.00,-1.52,1.45,0.84,"1,811.95","1,864.09","2,310.00","1,655.00"
GLH,26.95,247.50,251.20,241.00,241.40,241.40,0.00,0.00,242.10,"33,674.00",247.50,"8,152,355.10",152,-6.10,10.20,-2.46,4.23,-0.29,267.39,264.08,328.20,227.40
GMFBS,26.45,"1,131.00","1,131.00","1,095.00","1,114.00","1,114.00",0.00,0.00,"1,099.58",315.00,"1,146.00","346,368.00",13,-32.00,36.00,-2.79,3.29,1.29,"1,290.19","1,360.10","1,688.00","1,095.00"
GMFIL,25.43,415.00,415.00,410.00,410.00,410.00,0.00,0.00,411.64,"3,496.00",418.90,"1,439,104.50",31,-8.90,5.00,-2.12,1.22,-0.40,470.26,469.91,540.00,393.10
GMLI,27.03,950.00,950.00,917.10,933.00,933.00,0.00,0.00,927.64,828.00,958.40,"768,083.00",47,-25.40,32.90,-2.65,3.59,0.57,"1,323.59","1,471.80","2,142.00",917.10
GRDBL,30.14,961.00,979.00,960.00,978.90,978.90,0.00,0.00,964.57,"2,639.00",984.00,"2,545,497.00",47,-5.10,19.00,-0.52,1.98,1.46,"1,067.74","1,090.73","1,320.00",921.50
GSY,30.32,8.89,9.15,8.89,8.92,8.92,0.00,0.00,9.04,"8,900.00",8.95,"80,487.00",17,-0.03,0.26,-0.34,2.92,-1.38,9.83,9.62,10.46,8.70
GUFL,28.62,494.00,495.00,485.00,495.00,495.00,0.00,0.00,489.41,"11,606.00",494.00,"5,680,138.30",105,1.00,10.00,0.20,2.06,1.13,549.62,544.33,644.00,460.60
GVL,32.96,467.20,472.00,465.60,472.00,472.00,0.00,0.00,469.60,"15,776.00",476.20,"7,408,424.30",112,-4.20,6.40,-0.88,1.37,0.51,489.47,496.09,602.00,461.00
GWFD83,34.89,"1,027.00","1,027.00","1,016.20","1,016.20","1,016.20",0.00,0.00,"1,017.67",400.00,"1,035.00","407,069.00",16,-18.80,10.80,-1.82,1.06,-0.14,"1,165.75","1,191.38","1,239.00","1,016.20"
H8020,26.53,11.70,12.02,11.70,11.70,11.70,0.00,0.00,11.98,"42,830.00",11.74,"513,168.00",6,-0.04,0.32,-0.34,2.74,-2.41,11.82,11.60,12.56,10.00
HATHY,31.27,620.00,620.00,590.00,600.00,600.00,0.00,0.00,605.49,"10,350.00",625.50,"6,266,812.00",88,-25.50,30.00,-4.08,5.08,-0.91,784.58,826.80,"1,162.80",577.00
HBL,31.66,187.00,188.00,185.40,186.80,186.80,0.00,0.00,186.07,"43,451.00",188.70,"8,085,078.50",469,-1.90,2.60,-1.01,1.40,0.39,202.71,198.60,237.00,184.00
HDHPC,28.11,200.00,200.00,195.00,195.50,195.50,0.00,0.00,196.77,"111,889.00",202.00,"22,016,468.00",401,-6.50,5.00,-3.22,2.56,-0.65,221.08,210.18,274.00,162.00
HDL,23.93,"1,169.00","1,169.90","1,150.20","1,157.00","1,157.00",0.00,0.00,"1,158.95","18,704.00","1,163.00","21,677,022.10",298,-6.00,19.70,-0.52,1.71,-0.17,"1,167.46","1,162.32","1,447.00","1,097.60"
HEI,22.68,488.00,488.00,456.00,459.00,459.00,0.00,0.00,462.59,"17,668.00",489.90,"8,173,077.00",91,-30.90,32.00,-6.31,7.02,-0.78,535.02,525.79,610.00,456.00
HEIP,25.32,304.00,318.00,303.00,318.00,318.00,0.00,0.00,303.27,"2,010.00",309.30,"609,570.00",6,8.70,15.00,2.81,4.95,4.63,328.77,325.74,382.70,293.10
HFIN,29.18,625.00,625.00,611.50,612.00,612.00,0.00,0.00,615.82,"15,409.00",628.00,"9,489,195.90",408,-16.00,13.50,-2.55,2.21,-0.62,0.00,0.00,"1,450.60",101.70
HHL,25.08,323.00,324.00,315.00,317.00,317.00,0.00,0.00,316.48,"15,130.00",326.80,"4,788,299.60",102,-9.80,9.00,-3.00,2.86,0.16,357.25,349.72,416.60,309.00
HIDCL,27.45,240.00,241.00,236.70,236.80,236.80,0.00,0.00,237.96,"45,104.00",242.00,"10,732,861.00",228,-5.20,4.30,-2.15,1.82,-0.49,266.27,265.33,307.00,234.00
HIDCLP,29.50,181.40,181.40,177.50,179.00,179.00,0.00,0.00,179.52,"48,073.00",181.40,"8,630,123.50",130,-2.40,3.90,-1.32,2.20,-0.29,199.80,195.36,230.60,174.40
HIMSTAR,35.36,650.00,650.00,625.00,640.00,640.00,0.00,0.00,637.93,"4,645.00",659.90,"2,963,184.60",69,-19.90,25.00,-3.02,4.00,0.32,829.20,870.92,"1,264.00",252.20
HLBSL,20.94,849.00,850.00,840.00,850.00,850.00,0.00,0.00,845.10,426.00,850.00,"360,014.00",7,0.00,10.00,0.00,1.19,0.58,896.23,903.26,"1,005.00",830.00
HLI,29.67,301.00,301.00,284.30,287.00,287.00,0.00,0.00,292.74,"48,460.00",300.00,"14,185,997.00",397,-13.00,16.70,-4.33,5.87,-2.00,341.52,351.36,412.90,284.30
HLICF,40.25,8.30,8.74,8.30,8.50,8.50,0.00,0.00,8.49,"6,673.00",8.28,"56,683.90",10,0.22,0.44,2.66,5.30,0.06,8.99,9.08,10.55,8.00
HPPL,20.71,372.20,372.20,354.10,358.00,358.00,0.00,0.00,357.82,"51,754.00",369.00,"18,518,637.20",205,-11.00,18.10,-2.98,5.11,0.05,389.87,417.23,605.00,340.10
HRL,32.02,537.40,537.40,506.00,515.00,515.00,0.00,0.00,515.30,"95,707.00",537.40,"49,318,241.60","1,066",-22.40,31.40,-4.17,6.21,-0.06,665.54,725.62,"1,035.00",506.00
HURJA,23.95,231.00,231.00,225.00,226.00,226.00,0.00,0.00,226.46,"45,909.00",230.00,"10,396,638.10",160,-4.00,6.00,-1.74,2.67,-0.20,254.42,248.62,312.10,204.60
ICFC,28.11,580.50,589.00,580.50,580.50,580.50,0.00,0.00,582.54,"3,428.00",590.00,"1,996,937.10",46,-9.50,8.50,-1.61,1.46,-0.35,626.13,633.56,715.00,567.60
ICFCD88,20.54,"1,091.20","1,091.20","1,091.10","1,091.10","1,091.10",0.00,0.00,"1,091.16",25.00,"1,110.00","27,279.00",2,-18.90,0.10,-1.70,0.01,-0.01,"1,147.59","1,139.72","1,216.00","1,056.20"
IGI,28.41,398.90,398.90,370.00,374.00,374.00,0.00,0.00,374.14,"21,350.00",392.90,"7,987,992.60",125,-18.90,28.90,-4.81,7.81,-0.04,440.47,435.17,537.00,370.00
IHL,28.43,291.00,308.60,291.00,295.00,295.00,0.00,0.00,296.07,"4,452.00",300.00,"1,318,121.30",44,-5.00,17.60,-1.67,6.05,-0.36,408.72,457.87,638.00,282.50
ILBS,24.59,820.00,849.00,815.50,834.90,834.90,0.00,0.00,827.59,756.00,838.00,"625,660.80",15,-3.10,33.50,-0.37,4.11,0.88,923.05,948.55,"1,311.00",815.00
ILI,28.84,403.00,403.00,397.00,399.00,399.00,0.00,0.00,399.10,"11,181.00",403.20,"4,462,324.10",218,-4.20,6.00,-1.04,1.51,-0.02,432.60,438.05,489.60,397.00
JBBD87,34.04,"1,133.00","1,133.00","1,133.00","1,133.00","1,133.00",0.00,0.00,"1,133.00",25.00,"1,100.10","28,325.00",1,32.90,0.00,2.99,0.00,0.00,"1,119.41","1,102.28","1,289.00","1,076.00"
JBBL,29.75,327.00,332.00,320.10,325.00,325.00,0.00,0.00,325.41,"24,411.00",331.90,"7,943,539.80",100,-6.90,11.90,-2.08,3.72,-0.13,354.28,346.75,395.00,295.00
JBLB,30.03,"1,245.00","1,245.00","1,236.10","1,239.00","1,239.00",0.00,0.00,"1,238.91","2,045.00","1,249.20","2,533,561.20",86,-10.20,8.90,-0.82,0.72,0.01,"1,290.86","1,322.68","1,644.00","1,219.90"
JFL,29.04,374.00,375.00,371.00,372.00,372.00,0.00,0.00,373.59,"2,323.00",384.80,"867,860.60",32,-12.80,4.00,-3.33,1.08,-0.43,409.96,416.07,492.00,367.20
JHAPA,29.76,"1,010.00","1,020.00","1,000.00","1,001.30","1,001.30",0.00,0.00,"1,006.03","2,291.00","1,013.00","2,304,813.10",57,-11.70,20.00,-1.15,2.00,-0.47,"1,330.74","1,329.33","1,929.00",293.40
JOSHI,23.56,256.10,263.50,250.10,255.00,255.00,0.00,0.00,254.20,"10,141.00",259.80,"2,577,796.50",74,-4.80,13.40,-1.85,5.36,0.32,281.54,286.96,388.60,245.00
JSLBB,25.56,933.00,933.00,933.00,933.00,933.00,0.00,0.00,933.00,10.00,960.00,"9,330.00",1,-27.00,0.00,-2.81,0.00,0.00,"1,073.43","1,108.46","1,308.00",911.20
KAHL,21.81,502.50,502.50,475.40,476.00,476.00,0.00,0.00,483.02,"24,009.00",502.50,"11,596,718.50","1,019",-26.50,27.10,-5.27,5.70,-1.47,0.00,0.00,613.00,295.40
KBL,31.77,210.00,212.00,209.70,211.00,211.00,0.00,0.00,210.57,"178,540.00",212.00,"37,595,910.40",449,-1.00,2.30,-0.47,1.10,0.20,218.87,207.09,256.00,175.50
KBLD86,33.48,"1,110.00","1,110.00","1,110.00","1,110.00","1,110.00",0.00,0.00,"1,110.00",300.00,"1,112.00","333,000.00",10,-2.00,0.00,-0.18,0.00,0.00,"1,162.12","1,125.88","1,387.50","1,110.00"
KBLD89,30.09,"1,250.00","1,250.00","1,250.00","1,250.00","1,250.00",0.00,0.00,"1,250.00",30.00,"1,250.00","37,500.00",1,0.00,0.00,0.00,0.00,0.00,"1,246.01","1,215.60","1,379.00","1,213.20"
KBSH,26.94,924.00,924.00,800.00,839.00,839.00,0.00,0.00,843.05,"9,031.00",880.00,"7,613,587.50",151,-41.00,124.00,-4.66,15.50,-0.48,"1,404.22","1,508.80","1,928.90",800.00
KDBY,26.87,9.68,9.85,9.68,9.80,9.80,0.00,0.00,9.82,"16,925.00",9.75,"166,202.50",15,0.05,0.17,0.51,1.76,-0.20,11.03,10.60,12.54,8.67
KDL,30.02,720.00,729.00,711.10,715.00,715.00,0.00,0.00,716.99,"2,197.00",731.10,"1,575,224.20",57,-16.10,17.90,-2.20,2.52,-0.28,820.99,835.86,"1,185.00",711.00
KEF,28.23,9.80,9.80,9.40,9.50,9.50,0.00,0.00,9.53,"10,492.00",9.68,"100,028.20",12,-0.18,0.40,-1.86,4.26,-0.36,10.48,10.07,11.30,8.31
KHPL,33.16,750.00,751.00,735.10,741.00,741.00,0.00,0.00,741.94,"3,933.00",760.00,"2,918,045.00",132,-19.00,15.90,-2.50,2.16,-0.13,0.00,0.00,"1,324.80",300.00
KKHC,20.70,266.10,270.00,260.40,263.30,263.30,0.00,0.00,264.33,"76,177.00",269.00,"20,136,206.70",215,-5.70,9.60,-2.12,3.69,-0.39,274.80,264.43,362.00,208.00
KMCDB,23.11,762.00,768.00,745.50,767.00,767.00,0.00,0.00,754.15,"2,055.00",774.60,"1,549,768.40",29,-7.60,22.50,-0.98,3.02,1.68,855.80,903.36,"1,189.30",735.00
KPCL,29.38,448.00,454.00,440.60,448.00,448.00,0.00,0.00,447.04,"7,654.00",454.00,"3,421,621.50",68,-6.00,13.40,-1.32,3.04,0.21,490.83,508.16,658.00,440.60
KSBBL,40.67,474.00,477.90,471.00,474.00,474.00,0.00,0.00,473.80,"22,039.00",474.00,"10,442,106.70",108,0.00,6.90,0.00,1.46,0.04,482.08,470.96,555.30,404.10
KSY,27.06,8.85,8.86,8.85,8.85,8.85,0.00,0.00,8.86,"1,500.00",8.92,"13,285.00",3,-0.07,0.01,-0.78,0.11,-0.08,9.64,9.47,10.26,8.21
LBBL,29.16,473.00,479.00,466.00,467.70,467.70,0.00,0.00,468.61,"17,234.00",473.00,"8,076,014.30",64,-5.30,13.00,-1.12,2.79,-0.19,491.44,485.54,555.00,433.00
LBLD86,33.87,"1,097.00","1,097.00","1,085.00","1,085.00","1,085.00",0.00,0.00,"1,089.30",100.00,"1,083.00","108,930.00",5,2.00,12.00,0.18,1.11,-0.40,"1,085.08",0.00,"1,240.00","1,085.00"
LEC,27.19,213.00,213.00,207.10,208.00,208.00,0.00,0.00,208.95,"75,287.00",213.00,"15,730,904.30",211,-5.00,5.90,-2.35,2.85,-0.45,226.98,220.14,276.00,180.00
LICN,35.00,756.00,760.60,751.00,752.10,752.10,0.00,0.00,755.49,"13,018.00",761.50,"9,835,003.10",70,-9.40,9.60,-1.23,1.28,-0.45,811.13,831.56,969.00,751.00
LLBS,22.21,855.60,860.00,850.00,860.00,860.00,0.00,0.00,852.50,148.00,882.00,"126,170.40",7,-22.00,10.00,-2.49,1.18,0.87,944.88,955.52,"1,081.90",819.40
LSH12,25.45,9.11,9.11,8.88,9.00,9.00,0.00,0.00,8.98,"5,850.00",9.11,"52,538.00",21,-0.11,0.23,-1.21,2.59,0.21,0.00,0.00,10.00,8.55
LSL,34.24,217.00,217.50,215.10,217.10,217.10,0.00,0.00,216.40,"63,898.00",217.00,"13,827,380.20",154,0.10,2.40,0.05,1.12,0.32,220.71,219.43,244.00,203.00
LUK,28.52,9.35,9.35,9.09,9.12,9.12,0.00,0.00,9.20,"29,400.00",9.57,"270,618.00",11,-0.45,0.26,-4.70,2.86,-0.93,10.04,9.87,10.91,8.97
MABEL,23.07,553.10,558.10,553.10,553.30,553.30,0.00,0.00,554.62,"5,017.00",567.30,"2,782,541.20",80,-14.00,5.00,-2.47,0.90,-0.24,667.69,693.66,927.00,317.70
MAKAR,24.08,402.00,405.00,390.20,390.20,390.20,0.00,0.00,396.74,"55,437.00",401.00,"21,993,995.90",301,-10.80,14.80,-2.69,3.79,-1.68,483.34,506.15,629.30,390.20
MANDU,21.28,681.00,688.00,622.00,635.00,635.00,0.00,0.00,651.56,"3,851.00",700.10,"2,509,176.00",74,-65.10,66.00,-9.30,10.61,-2.61,815.90,814.18,909.00,622.00
MATRI,27.00,741.00,750.00,725.00,726.00,726.00,0.00,0.00,739.07,365.00,760.00,"269,762.00",12,-34.00,25.00,-4.47,3.45,-1.80,888.61,918.20,"1,109.00",725.00
MBJC,26.67,255.00,260.00,254.00,256.90,256.90,0.00,0.00,256.06,"50,127.00",257.10,"12,835,684.90",326,-0.20,6.00,-0.08,2.36,0.33,283.82,284.80,333.00,248.50
MBL,30.44,250.00,250.00,241.00,245.00,245.00,0.00,0.00,244.36,"62,567.00",248.00,"15,289,172.40",141,-3.00,9.00,-1.21,3.73,0.26,251.16,242.29,284.00,205.00
MBLEF,19.11,9.50,9.52,8.44,8.50,8.50,0.00,0.00,8.80,"73,543.00",9.51,"647,058.42",27,-1.01,1.08,-10.62,12.80,-3.51,10.11,9.95,10.89,8.44
MCHL,25.22,246.40,249.00,233.10,238.80,238.80,0.00,0.00,236.82,"9,868.00",254.00,"2,336,977.20",74,-15.20,15.90,-5.98,6.82,0.83,327.01,367.06,539.00,233.10
MDB,34.74,551.00,559.00,550.00,554.00,554.00,0.00,0.00,551.71,"8,615.00",557.00,"4,752,961.50",60,-3.00,9.00,-0.54,1.64,0.41,601.68,603.38,705.80,530.50
MEHL,34.93,230.10,234.90,222.60,234.90,234.90,0.00,0.00,228.36,"82,844.00",234.60,"18,918,469.30",257,0.30,12.30,0.13,5.53,2.78,365.12,392.57,519.00,220.00
MEL,30.43,197.10,202.00,195.00,195.00,195.00,0.00,0.00,196.22,"17,134.00",201.90,"3,362,074.50",122,-6.90,7.00,-3.42,3.59,-0.63,242.23,254.98,328.00,195.00
MEN,23.65,618.00,618.00,608.00,614.40,614.40,0.00,0.00,612.07,"72,186.00",618.00,"44,182,728.60",310,-3.60,10.00,-0.58,1.64,0.38,599.32,593.50,683.40,535.00
MEPDL,21.30,675.00,675.00,620.10,630.00,630.00,0.00,0.00,639.26,"34,393.00",675.00,"21,985,929.00","1,581",-45.00,54.90,-6.67,8.85,-1.47,0.00,0.00,855.00,300.00
MERO,26.77,600.30,602.80,600.00,601.00,601.00,0.00,0.00,600.54,"1,662.00",616.90,"998,092.60",31,-15.90,2.80,-2.58,0.47,0.08,711.02,722.04,873.50,597.00
MFIL,27.78,705.00,730.00,705.00,723.90,723.90,0.00,0.00,722.64,"12,622.00",735.00,"9,121,099.60",106,-11.10,25.00,-1.51,3.55,0.17,792.70,776.11,938.00,545.00
MFLD85,34.80,"1,105.00","1,105.00","1,105.00","1,105.00","1,105.00",0.00,0.00,"1,105.00",90.00,"1,105.00","99,450.00",1,0.00,0.00,0.00,0.00,0.00,"1,107.97","1,088.86","1,203.00","1,064.00"
MHCL,27.02,275.00,275.50,261.00,274.00,274.00,0.00,0.00,267.96,"3,178.00",275.00,"851,592.00",56,-1.00,14.50,-0.36,5.56,2.20,342.25,357.62,447.30,261.00
MHL,28.88,450.00,450.00,437.00,447.00,447.00,0.00,0.00,440.78,"3,670.00",458.80,"1,617,668.50",59,-11.80,13.00,-2.57,2.97,1.39,497.13,499.36,580.00,437.00
MHNL,21.84,236.00,236.00,226.00,233.90,233.90,0.00,0.00,229.42,"8,450.00",238.80,"1,938,575.90",57,-4.90,10.00,-2.05,4.42,1.92,261.19,259.86,324.00,223.00
MKCL,32.55,867.00,884.90,810.00,820.00,820.00,0.00,0.00,831.88,"3,930.00",870.00,"3,269,289.40",71,-50.00,74.90,-5.75,9.25,-1.45,"1,214.34","1,271.22","1,640.10",810.00
MKHC,25.07,244.90,244.90,232.90,233.00,233.00,0.00,0.00,238.38,"14,448.00",246.90,"3,444,079.00",116,-13.90,12.00,-5.63,5.15,-2.31,311.49,326.17,445.70,232.90
MKHL,21.91,474.20,485.90,467.10,471.60,471.60,0.00,0.00,471.77,"1,887.00",486.50,"890,220.70",41,-14.90,18.80,-3.06,4.02,-0.04,581.94,657.25,915.00,457.00
MKJC,25.22,320.00,320.00,276.30,276.30,276.30,0.00,0.00,281.78,"106,702.00",325.00,"30,066,033.90",533,-48.70,43.70,-14.98,15.82,-1.98,484.64,498.87,635.00,276.30
MLBBL,36.18,937.00,937.00,894.00,915.00,915.00,0.00,0.00,907.74,"4,090.00",943.00,"3,712,654.80",51,-28.00,43.00,-2.97,4.81,0.79,"1,193.97","1,267.19","1,661.00",894.00
MLBL,28.38,340.00,349.00,338.20,340.00,340.00,0.00,0.00,340.27,"18,802.00",347.80,"6,397,744.80",92,-7.80,10.80,-2.24,3.19,-0.08,365.72,368.12,418.00,330.70
MLBS,25.12,990.00,"1,010.00",985.00,"1,000.00","1,000.00",0.00,0.00,989.52,140.00,"1,020.00","138,533.40",9,-20.00,25.00,-1.96,2.54,1.05,"1,262.04","1,330.81","1,666.00",985.00
MLBSL,31.15,"1,128.00","1,128.00","1,050.00","1,050.00","1,050.00",0.00,0.00,"1,058.14","2,828.00","1,096.00","2,992,413.00",60,-46.00,78.00,-4.20,7.43,-0.78,"1,727.20","1,797.77","2,272.50","1,050.00"
MMF1,32.65,8.50,9.18,8.50,8.96,8.96,0.00,0.00,8.69,"4,879.00",8.70,"42,421.84",22,0.26,0.68,2.99,8.00,2.96,9.46,9.25,10.16,8.22
MMKJL,25.08,340.00,345.00,309.00,322.90,322.90,0.00,0.00,317.26,"19,330.00",345.00,"6,132,574.80",212,-22.10,36.00,-6.41,11.65,1.75,498.04,530.72,699.90,309.00
MNBBL,30.59,353.20,356.00,351.00,353.00,353.00,0.00,0.00,353.34,"23,052.00",357.00,"8,145,090.40",167,-4.00,5.00,-1.12,1.42,-0.10,373.28,367.85,467.00,340.10
MNMF1,26.48,9.03,9.40,9.03,9.10,9.10,0.00,0.00,9.14,"59,500.00",9.30,"543,947.79",17,-0.20,0.37,-2.15,4.10,-0.46,9.81,9.61,10.40,8.53
MPFL,21.35,595.00,595.00,580.00,586.00,586.00,0.00,0.00,581.72,"3,609.00",597.60,"2,099,433.40",42,-11.60,15.00,-1.94,2.59,0.73,631.83,624.77,744.00,491.00
MSHL,27.31,530.00,531.50,510.30,510.30,510.30,0.00,0.00,522.91,"1,760.00",546.00,"920,321.40",36,-35.70,21.20,-6.54,4.15,-2.47,682.19,737.89,955.00,510.30
MSLB,23.27,"1,191.00","1,214.00","1,191.00","1,200.00","1,200.00",0.00,0.00,"1,201.81",390.00,"1,214.00","468,707.00",13,-14.00,23.00,-1.15,1.93,-0.15,"1,264.31","1,293.64","1,634.00","1,089.90"
NABBC,26.02,741.00,749.60,733.00,743.90,743.90,0.00,0.00,743.13,"8,953.00",751.20,"6,653,273.20",56,-7.30,16.60,-0.97,2.26,0.10,996.51,"1,110.88","1,835.00",662.00
NABIL,31.16,540.00,545.00,535.10,535.20,535.20,0.00,0.00,536.32,"43,318.00",540.20,"23,232,512.60",383,-5.00,9.90,-0.93,1.85,-0.21,534.58,522.19,568.00,471.00
NABILD2089,33.17,"1,050.00","1,100.00","1,050.00","1,100.00","1,100.00",0.00,0.00,"1,090.51","5,558.00","1,058.00","6,061,068.50",15,42.00,50.00,3.97,4.76,0.86,"1,080.93",0.00,"1,154.00","1,000.00"
NADEP,36.49,692.60,707.00,672.10,704.00,704.00,0.00,0.00,688.35,172.00,714.00,"118,395.70",7,-10.00,34.90,-1.40,5.19,2.22,753.09,766.33,871.00,672.10
NBF2,22.29,9.72,9.72,9.72,9.72,9.72,0.00,0.00,9.72,"1,750.00",9.72,"17,010.00",3,0.00,0.00,0.00,0.00,0.00,9.98,9.82,10.95,8.89
NBF3,25.55,9.11,9.75,9.11,9.35,9.35,0.00,0.00,9.30,"13,150.00",9.34,"122,293.50",23,0.01,0.64,0.11,7.03,0.54,9.89,9.68,10.67,8.35
NBL,21.00,272.00,272.10,270.00,270.00,270.00,0.00,0.00,270.53,"52,568.00",272.30,"14,221,169.70",231,-2.30,2.10,-0.84,0.78,-0.20,269.78,260.75,302.90,225.40
NESDO,30.73,"1,310.00","1,310.10","1,300.00","1,300.00","1,300.00",0.00,0.00,"1,306.27",550.00,"1,345.00","718,448.50",22,-45.00,10.10,-3.35,0.78,-0.48,"1,528.19","1,524.35","1,682.00","1,300.00"
NFS,29.77,535.00,535.00,525.00,525.00,525.00,0.00,0.00,527.59,"5,886.00",536.90,"3,105,379.80",68,-11.90,10.00,-2.22,1.90,-0.49,593.92,608.58,725.00,525.00
NGPL,22.10,395.00,399.00,387.00,390.00,390.00,0.00,0.00,391.86,"97,306.00",398.00,"38,130,295.90",310,-8.00,12.00,-2.01,3.10,-0.48,434.08,425.46,502.00,343.00
NHDL,34.20,615.00,620.00,606.20,619.50,619.50,0.00,0.00,614.08,"2,492.00",623.00,"1,530,281.60",17,-3.50,13.80,-0.56,2.28,0.88,642.41,655.39,796.00,606.20
NHPC,18.26,254.00,254.00,245.00,248.00,248.00,0.00,0.00,248.98,"129,856.00",254.60,"32,331,611.80",429,-6.60,9.00,-2.59,3.67,-0.40,280.61,254.32,340.00,178.60
NIBLGF,20.45,8.50,8.54,8.32,8.32,8.32,0.00,0.00,8.45,900.00,8.54,"7,605.40",5,-0.22,0.22,-2.58,2.64,-1.57,9.41,9.25,11.81,8.24
NIBLSTF,16.18,8.16,8.18,8.16,8.18,8.18,0.00,0.00,8.17,400.00,8.41,"3,268.00",4,-0.23,0.02,-2.73,0.25,0.12,9.10,8.98,10.85,8.02
NIBSF2,37.68,8.41,8.60,8.41,8.50,8.50,0.00,0.00,8.47,"2,980.00",8.50,"25,254.40",13,0.00,0.19,0.00,2.26,0.30,9.17,9.03,11.13,8.10
NICA,32.62,308.00,312.00,304.00,306.00,306.00,0.00,0.00,305.64,"42,554.00",308.10,"13,006,322.50",235,-2.10,8.00,-0.68,2.63,0.12,346.45,340.92,411.00,304.00
NICAD2091,38.06,"1,062.90","1,094.00","1,062.90","1,094.00","1,094.00",0.00,0.00,"1,090.81","2,119.00","1,032.00","2,311,417.60",19,62.00,31.10,6.01,2.93,0.29,"1,061.79",0.00,"1,106.00","1,005.20"
NICBF,17.90,8.82,8.82,8.82,8.82,8.82,0.00,0.00,8.82,100.00,9.04,882.00,1,-0.22,0.00,-2.43,0.00,0.00,9.49,9.30,11.20,8.45
NICD88,15.53,"1,067.00","1,067.00","1,067.00","1,067.00","1,067.00",0.00,0.00,"1,067.00",25.00,"1,100.00","26,675.00",1,-33.00,0.00,-3.00,0.00,0.00,"1,076.62","1,064.17","1,153.00","1,040.00"
NICFC,19.66,8.88,8.88,8.70,8.78,8.78,0.00,0.00,8.81,"1,100.00",8.88,"9,687.00",9,-0.10,0.18,-1.13,2.07,-0.30,9.33,9.22,9.89,8.37
NICGF2,25.35,8.60,8.80,8.55,8.70,8.70,0.00,0.00,8.65,"3,600.00",8.69,"31,155.00",8,0.01,0.25,0.12,2.92,0.53,9.37,9.26,10.13,8.33
NICL,23.32,432.00,453.80,408.00,416.90,416.90,0.00,0.00,421.22,"30,964.00",442.20,"13,042,617.20",182,-25.30,45.80,-5.72,11.23,-1.04,509.42,508.94,615.00,408.00
NICLBSL,27.59,531.00,531.00,506.00,519.00,519.00,0.00,0.00,515.77,"5,419.00",528.00,"2,794,972.50",88,-9.00,25.00,-1.70,4.94,0.62,573.01,570.14,679.00,506.00
NICSF,17.61,8.43,8.48,8.20,8.20,8.20,0.00,0.00,8.27,"8,100.00",8.48,"66,969.00",11,-0.28,0.28,-3.30,3.41,-0.83,9.22,9.07,9.97,8.04
NIFRA,36.91,240.00,245.00,238.70,240.10,240.10,0.00,0.00,240.23,"76,713.00",239.00,"18,428,940.00",487,1.10,6.30,0.46,2.64,-0.06,260.40,262.14,299.00,232.00
NIL,23.36,540.10,555.00,515.00,516.00,516.00,0.00,0.00,523.43,"13,941.00",549.90,"7,297,164.30",148,-33.90,40.00,-6.16,7.77,-1.44,624.83,623.97,706.00,515.00
NIMB,30.61,190.00,190.00,181.20,182.70,182.70,0.00,0.00,182.10,"71,528.00",185.00,"13,025,270.20",300,-2.30,8.80,-1.24,4.86,0.33,199.99,197.44,232.50,181.00
NLG,22.74,516.00,516.00,477.10,483.90,483.90,0.00,0.00,492.35,"12,920.00",516.00,"6,361,186.20",136,-32.10,38.90,-6.22,8.15,-1.75,607.19,633.45,854.90,477.10
NLIC,28.87,690.00,700.00,685.10,685.90,685.90,0.00,0.00,687.65,"18,184.00",690.30,"12,504,273.60",211,-4.40,14.90,-0.64,2.17,-0.26,763.59,770.94,872.00,685.00
NLICL,23.77,555.00,564.90,538.40,538.40,538.40,0.00,0.00,550.39,"12,662.00",566.90,"6,968,996.30",59,-28.50,26.50,-5.03,4.92,-2.23,584.87,588.30,644.00,538.40
NMB,31.07,236.00,237.00,235.00,235.30,235.30,0.00,0.00,235.53,"44,597.00",236.80,"10,504,083.30",170,-1.50,2.00,-0.63,0.85,-0.10,245.25,244.14,272.00,230.00
NMBHF2,21.18,8.36,8.60,8.36,8.50,8.50,0.00,0.00,8.58,"2,300.00",8.60,"19,736.00",5,-0.10,0.24,-1.16,2.87,-0.95,9.68,9.55,10.20,8.36
NMBMF,35.80,590.00,590.00,572.00,589.00,589.00,0.00,0.00,572.39,"2,365.00",590.00,"1,353,704.60",14,-1.00,18.00,-0.17,3.15,2.82,640.15,655.60,750.00,572.00
NMBUR93/94,24.15,986.00,986.00,980.00,981.00,981.00,0.00,0.00,983.00,100.00,990.00,"98,300.00",4,-9.00,6.00,-0.91,0.61,-0.20,0.00,0.00,"1,000.00",932.00
NMFBS,22.17,"1,105.20","1,110.00","1,091.50","1,108.00","1,108.00",0.00,0.00,"1,094.58","1,645.00","1,105.20","1,800,578.80",50,2.80,18.50,0.25,1.69,1.21,"1,131.85","1,154.33","1,370.00","1,051.90"
NMIC,30.50,800.00,805.00,776.10,790.00,790.00,0.00,0.00,792.59,"4,801.00",821.00,"3,805,219.00",120,-31.00,28.90,-3.78,3.72,-0.33,"1,048.81","1,129.02","1,525.00",776.10
NMLBBL,27.64,485.00,485.00,470.60,477.00,477.00,0.00,0.00,476.02,"3,251.00",490.00,"1,547,547.00",42,-13.00,14.40,-2.65,3.06,0.21,579.39,600.24,697.60,470.60
NRIC,27.34,851.00,851.00,788.00,793.00,793.00,0.00,0.00,808.53,"55,459.00",851.00,"44,840,308.00",484,-58.00,63.00,-6.82,7.99,-1.96,994.35,"1,088.38","1,842.00",788.00
NRM,28.06,285.00,288.00,278.00,280.00,280.00,0.00,0.00,281.22,"5,610.00",288.50,"1,577,620.10",88,-8.50,10.00,-2.95,3.60,-0.43,363.00,385.01,530.00,278.00
NRN,26.25,"1,351.00","1,351.00","1,332.40","1,339.00","1,339.00",0.00,0.00,"1,337.52","18,536.00","1,349.50","24,792,340.50",164,-10.50,18.60,-0.78,1.40,0.11,"1,445.50","1,455.67","2,182.00","1,280.00"
NSIF2,21.54,10.08,10.08,9.80,9.80,9.80,0.00,0.00,9.89,"4,100.00",9.94,"40,568.00",9,-0.14,0.28,-1.41,2.86,-0.97,10.75,10.64,11.45,9.75
NSY,37.26,9.10,9.30,8.93,9.30,9.30,0.00,0.00,9.11,"3,600.00",9.20,"32,779.00",23,0.10,0.37,1.09,4.14,2.09,0.00,0.00,10.19,8.85
NTC,20.39,874.00,880.00,870.00,870.00,870.00,0.00,0.00,871.40,"4,811.00",875.00,"4,192,314.20",119,-5.00,10.00,-0.57,1.15,-0.16,870.70,868.77,942.50,762.50
NUBL,27.61,574.00,574.00,570.00,571.00,571.00,0.00,0.00,571.48,"1,706.00",574.00,"974,950.20",28,-3.00,4.00,-0.52,0.70,-0.08,652.54,676.45,802.00,568.10
NWCL,26.08,598.00,600.00,576.00,581.00,581.00,0.00,0.00,584.72,"1,722.00",603.00,"1,006,891.00",47,-22.00,24.00,-3.65,4.17,-0.64,772.56,800.56,"1,045.00",576.00
NYADI,30.78,340.10,345.00,335.30,343.80,343.80,0.00,0.00,341.33,"6,849.00",350.00,"2,337,793.10",53,-6.20,9.70,-1.77,2.89,0.72,391.00,392.55,482.00,335.30
OHL,29.78,605.00,606.00,590.00,595.10,595.10,0.00,0.00,600.63,"1,985.00",620.00,"1,192,245.80",30,-24.90,16.00,-4.02,2.71,-0.93,693.93,699.15,865.10,590.00
OMPL,28.48,860.00,861.60,846.00,855.00,855.00,0.00,0.00,854.24,"2,399.00",872.00,"2,049,322.60",75,-17.00,15.60,-1.95,1.84,0.09,"1,103.37","1,173.16","1,575.90",846.00
PBD88,16.27,"1,170.00","1,170.00","1,170.00","1,170.00","1,170.00",0.00,0.00,"1,170.00",25.00,"1,181.00","29,250.00",1,-11.00,0.00,-0.93,0.00,0.00,"1,206.75","1,202.66","1,284.00","1,107.00"
PBLD87,14.07,"1,100.00","1,100.00","1,100.00","1,100.00","1,100.00",0.00,0.00,"1,100.00",10.00,"1,102.20","11,000.00",1,-2.20,0.00,-0.20,0.00,0.00,"1,082.22","1,065.62","1,150.00","1,043.00"
PCBL,26.89,235.00,236.00,232.00,233.50,233.50,0.00,0.00,233.29,"33,319.00",235.50,"7,773,020.40",134,-2.00,4.00,-0.85,1.72,0.09,241.97,242.49,275.90,225.00
PCIL,45.03,621.00,654.00,615.00,646.00,646.00,0.00,0.00,640.40,"105,652.00",621.00,"67,659,854.00","1,787",25.00,39.00,4.03,6.34,0.87,0.00,0.00,"1,280.00",300.00
PHCL,24.68,293.40,302.00,290.10,292.00,292.00,0.00,0.00,292.76,"62,526.00",297.60,"18,304,913.50",266,-5.60,11.90,-1.88,4.10,-0.26,308.79,298.72,465.80,249.70
PMHPL,24.18,295.00,295.00,291.00,295.00,295.00,0.00,0.00,292.73,"6,205.00",300.00,"1,816,403.30",37,-5.00,4.00,-1.67,1.37,0.77,339.32,337.20,428.00,287.00
PMLI,26.45,405.00,405.00,400.00,400.10,400.10,0.00,0.00,400.41,"2,485.00",409.90,"995,029.00",96,-9.80,5.00,-2.39,1.25,-0.08,463.55,475.64,543.60,400.00
PPCL,32.20,317.10,330.00,317.10,325.90,325.90,0.00,0.00,323.92,"18,337.00",326.90,"5,939,726.00",55,-1.00,12.90,-0.31,4.07,0.61,371.73,366.47,462.00,284.10
PPL,30.34,293.00,305.00,293.00,295.00,295.00,0.00,0.00,294.33,"24,282.00",308.00,"7,147,035.10",133,-13.00,12.00,-4.22,4.10,0.23,349.65,349.72,425.00,263.20
PRIN,21.04,583.00,590.00,573.00,573.20,573.20,0.00,0.00,576.62,"7,325.00",599.60,"4,223,717.40",86,-26.40,17.00,-4.40,2.97,-0.60,686.98,691.01,794.90,573.00
PROFL,28.55,385.00,386.00,374.10,375.10,375.10,0.00,0.00,379.97,"3,775.00",384.00,"1,434,372.00",44,-8.90,11.90,-2.32,3.18,-1.30,445.14,451.14,522.00,368.10
PRSF,33.21,12.78,12.78,12.51,12.70,12.70,0.00,0.00,12.53,"53,194.00",12.75,"666,370.44",20,-0.05,0.27,-0.39,2.16,1.36,12.66,12.08,13.61,9.85
PRVU,29.14,169.70,183.00,169.70,175.50,175.50,0.00,0.00,176.19,"88,370.00",178.60,"15,569,868.90",397,-3.10,13.30,-1.74,7.84,-0.39,198.27,194.12,235.60,169.70
PSF,21.17,12.22,12.22,11.87,11.91,11.91,0.00,0.00,11.89,"4,750.00",12.17,"56,473.00",18,-0.26,0.35,-2.14,2.95,0.18,12.01,11.61,13.00,9.91
PURE,37.54,746.10,775.00,746.10,775.00,775.00,0.00,0.00,754.99,"6,232.00",768.00,"4,705,069.30",71,7.00,28.90,0.91,3.87,2.58,895.03,930.84,"1,262.00",706.20
RADHI,25.52,680.40,680.40,667.00,674.00,674.00,0.00,0.00,671.93,"42,630.00",685.00,"28,644,274.50",194,-11.00,13.40,-1.61,2.01,0.31,767.52,774.95,940.00,618.80
RAWA,24.75,427.50,427.50,394.60,397.50,397.50,0.00,0.00,397.14,"5,545.00",407.20,"2,202,128.20",82,-9.70,32.90,-2.38,8.34,0.09,545.89,607.70,851.70,379.00
RBBD2088,33.92,"1,081.40","1,081.50","1,050.40","1,050.40","1,050.40",0.00,0.00,"1,081.02","1,626.00","1,050.00","1,757,733.90",5,0.40,31.10,0.04,2.96,-2.91,"1,063.42",0.00,"1,157.00",994.10
RBBF40,26.89,9.48,9.48,8.98,8.98,8.98,0.00,0.00,9.23,200.00,9.25,"1,846.00",2,-0.27,0.50,-2.92,5.57,-2.78,9.39,0.00,10.36,8.78
RBCL,32.90,"13,470.00","13,470.00","13,388.00","13,388.00","13,388.00",0.00,0.00,"13,412.36",225.00,"13,802.00","3,017,780.00",12,-414.00,82.00,-3.00,0.61,-0.18,"14,880.57","14,908.72","16,261.00","13,388.00"
RBCLPO,24.31,"10,867.00","10,900.00","10,864.10","10,900.00","10,900.00",0.00,0.00,"10,870.88",60.00,"11,200.00","652,253.00",5,-300.00,35.90,-2.68,0.33,0.27,"11,904.81","12,001.56","13,420.90","10,864.10"
RFPL,26.57,321.10,324.60,316.00,322.00,322.00,0.00,0.00,321.26,"29,050.00",330.00,"9,332,525.70",133,-8.00,8.60,-2.42,2.72,0.23,364.63,372.49,464.20,306.00
RHGCL,26.37,246.10,249.00,239.80,242.00,242.00,0.00,0.00,241.38,"15,523.00",249.00,"3,747,014.30",105,-7.00,9.20,-2.81,3.84,0.25,284.20,278.41,353.00,217.20
RHPL,24.30,183.00,185.00,163.90,165.90,165.90,0.00,0.00,168.64,"379,967.00",188.00,"64,077,632.30","1,739",-22.10,21.10,-11.76,12.87,-1.65,273.23,275.22,325.00,163.90
RIDI,22.83,343.00,344.90,335.50,339.50,339.50,0.00,0.00,339.08,"214,321.00",345.90,"72,671,163.80",463,-6.40,9.40,-1.85,2.80,0.12,353.45,317.90,415.00,203.50
RLEL,19.59,801.80,921.00,790.00,790.00,790.00,0.00,0.00,815.33,"9,255.00",844.00,"7,545,910.60",179,-54.00,131.00,-6.40,16.58,-3.21,0.00,0.00,"1,592.30",300.00
RLFL,28.16,434.90,434.90,411.20,414.90,414.90,0.00,0.00,416.18,"13,700.00",430.00,"5,701,715.30",95,-15.10,23.70,-3.51,5.76,-0.31,457.79,451.86,514.90,398.00
RMF1,33.24,9.25,9.30,9.20,9.30,9.30,0.00,0.00,9.29,"1,900.00",9.30,"17,650.00",5,0.00,0.10,0.00,1.09,0.11,9.79,9.63,11.02,8.65
RMF2,29.38,9.78,9.78,9.76,9.76,9.76,0.00,0.00,9.77,"55,695.00",9.76,"543,900.20",8,0.00,0.02,0.00,0.20,-0.06,10.08,9.84,10.71,8.82
RNLI,29.65,415.00,420.00,407.00,408.00,408.00,0.00,0.00,410.46,"17,767.00",415.00,"7,292,673.10",259,-7.00,13.00,-1.69,3.19,-0.60,458.06,463.04,520.20,407.00
RSDC,28.71,611.00,613.00,603.10,610.00,610.00,0.00,0.00,605.96,"1,674.00",611.20,"1,014,371.20",31,-1.20,9.90,-0.20,1.64,0.66,665.29,659.63,763.00,578.70
RSML,34.03,"2,770.00","2,770.00","2,696.00","2,724.00","2,724.00",0.00,0.00,"2,717.56","44,684.00","2,728.00","121,431,587.80",556,-4.00,74.00,-0.15,2.74,0.24,"3,154.53",0.00,"5,049.00",300.00
RSY,14.54,9.51,9.61,9.51,9.61,9.61,0.00,0.00,9.58,800.00,9.44,"7,664.00",5,0.17,0.10,1.80,1.05,0.31,10.22,9.99,10.70,8.63
RSY2,24.36,8.90,9.15,8.64,9.00,9.00,0.00,0.00,9.00,"37,750.00",9.16,"339,904.50",47,-0.16,0.51,-1.75,5.90,-0.05,0.00,0.00,10.00,8.42
RURU,21.54,570.10,582.00,570.10,572.10,572.10,0.00,0.00,573.03,656.00,585.00,"375,907.50",26,-12.90,11.90,-2.21,2.09,-0.16,645.55,660.42,830.00,564.00
SABBL,32.94,852.10,872.80,840.00,860.00,860.00,0.00,0.00,853.29,"10,333.00",870.00,"8,817,065.00",233,-10.00,32.80,-1.15,3.90,0.78,"1,171.32",0.00,"2,000.00",300.00
SADBL,28.21,405.00,414.00,400.60,403.70,403.70,0.00,0.00,401.85,"13,115.00",405.00,"5,270,301.00",57,-1.30,13.40,-0.32,3.34,0.46,417.10,413.42,463.00,376.00
SAEF2,26.19,8.87,9.05,8.80,9.00,9.00,0.00,0.00,8.98,"4,700.00",9.05,"42,201.00",38,-0.05,0.25,-0.55,2.84,0.23,0.00,0.00,10.00,8.76
SAGAR,30.24,"1,501.00","1,505.00","1,476.00","1,476.00","1,476.00",0.00,0.00,"1,490.90","6,205.00","1,522.00","9,251,005.50",119,-46.00,29.00,-3.02,1.96,-1.01,"1,732.80","1,795.53","2,439.00",319.50
SAGF,29.38,9.85,10.00,9.60,9.75,9.75,0.00,0.00,10.00,"176,364.00",9.85,"1,763,500.00",11,-0.10,0.40,-1.02,4.17,-2.56,10.14,9.99,11.31,8.79
SAHAS,24.80,682.00,684.00,670.00,670.90,670.90,0.00,0.00,672.26,"126,626.00",682.00,"85,125,527.50",682,-11.10,14.00,-1.63,2.09,-0.20,648.08,616.95,716.60,535.30
SAIL,28.72,962.00,999.00,950.00,985.00,985.00,0.00,0.00,976.72,"17,724.00",970.10,"17,311,351.70",267,14.90,49.00,1.54,5.16,0.84,"1,119.19","1,107.99","1,690.00",301.70
SALICO,25.22,548.00,548.00,520.10,521.60,521.60,0.00,0.00,527.06,"22,540.00",553.00,"11,879,880.70",93,-31.40,27.90,-5.68,5.36,-1.05,604.11,603.17,712.00,520.10
SANIMA,26.50,359.00,363.00,358.00,359.00,359.00,0.00,0.00,359.63,"166,345.00",369.00,"59,822,966.20",467,-10.00,5.00,-2.71,1.40,-0.18,359.51,348.30,390.60,295.00
SANVI,27.07,570.00,570.00,555.00,560.00,560.00,0.00,0.00,559.49,"3,669.00",579.00,"2,052,756.50",93,-19.00,15.00,-3.28,2.70,0.09,682.94,711.45,"1,060.00",536.00
SAPDBL,26.59,715.00,730.00,700.60,705.90,705.90,0.00,0.00,704.09,"7,498.00",720.00,"5,279,265.50",93,-14.10,29.40,-1.96,4.20,0.26,823.50,828.09,"1,065.70",660.00
SAPIL,29.38,"1,464.50","1,604.00","1,276.00","1,276.00","1,276.00",0.00,0.00,"1,378.71","115,467.00","1,394.80","159,195,100.80","11,182",-118.80,328.00,-8.52,25.71,-8.05,0.00,0.00,"1,604.00",300.00
SARBTM,46.05,799.90,814.00,793.20,813.90,813.90,0.00,0.00,805.65,"34,470.00",793.00,"27,770,793.00",277,20.90,20.80,2.64,2.62,1.01,834.75,848.73,942.40,750.00
SBCF,25.28,9.01,9.01,8.73,8.73,8.73,0.00,0.00,8.94,"9,556.00",9.27,"85,384.00",7,-0.54,0.28,-5.83,3.21,-2.35,9.73,9.57,11.16,8.73
SBI,22.71,415.00,415.00,391.10,398.70,398.70,0.00,0.00,394.13,"10,366.00",400.00,"4,085,594.10",53,-1.30,23.90,-0.33,6.11,1.15,403.30,403.43,441.00,363.00
SBID89,18.82,"1,130.00","1,130.00","1,130.00","1,130.00","1,130.00",0.00,0.00,"1,130.00",25.00,"1,130.00","28,250.00",1,0.00,0.00,0.00,0.00,0.00,"1,143.41","1,123.00","1,266.00","1,059.50"
SBL,23.55,407.00,413.00,406.10,411.00,411.00,0.00,0.00,409.34,"47,057.00",411.00,"19,262,464.40",129,0.00,6.90,0.00,1.70,0.40,399.31,390.62,424.70,320.50
SBLD83,28.93,"1,020.00","1,020.00","1,000.00","1,000.00","1,000.00",0.00,0.00,"1,010.65",115.00,"1,006.20","116,225.00",3,-6.20,20.00,-0.62,2.00,-1.07,"1,040.20",0.00,"1,116.50","1,000.00"
SCB,25.96,650.00,654.90,641.10,642.30,642.30,0.00,0.00,646.19,"10,921.00",645.00,"7,057,043.50",90,-2.70,13.80,-0.42,2.15,-0.61,652.45,646.70,712.60,594.90
SEF,29.79,9.47,9.47,9.20,9.21,9.21,0.00,0.00,9.39,"5,700.00",9.20,"53,529.00",5,0.01,0.27,0.11,2.93,-1.97,9.98,9.82,11.53,8.60
SEF2,25.75,8.90,9.16,8.72,9.00,9.00,0.00,0.00,9.00,"7,800.00",9.10,"70,209.00",64,-0.10,0.44,-1.10,5.05,-0.01,0.00,0.00,10.00,8.72
SFEF,40.77,9.65,9.85,9.65,9.85,9.85,0.00,0.00,9.76,"300,400.00",9.65,"2,930,882.34",9,0.20,0.20,2.07,2.07,0.95,10.05,9.87,10.65,8.89
SFMF,30.30,9.61,9.61,9.61,9.61,9.61,0.00,0.00,9.61,100.00,9.60,961.00,1,0.01,0.00,0.10,0.00,0.00,10.34,10.24,11.01,9.50
SGHC,21.47,290.00,290.00,281.10,285.00,285.00,0.00,0.00,284.65,"16,888.00",290.00,"4,807,200.20",114,-5.00,8.90,-1.72,3.17,0.12,360.39,374.63,487.60,281.10
SGHL,19.00,494.00,494.00,467.00,471.20,471.20,0.00,0.00,480.05,"60,004.00",493.80,"28,804,918.90","1,801",-22.60,27.00,-4.58,5.78,-1.88,0.00,0.00,587.00,299.30
SGIC,22.99,400.10,406.00,375.00,378.00,378.00,0.00,0.00,384.61,"21,974.00",400.10,"8,451,442.90",197,-22.10,31.00,-5.52,8.27,-1.75,474.77,475.90,569.00,375.00
SHEL,27.78,290.00,290.80,287.00,289.00,289.00,0.00,0.00,289.01,"52,408.00",292.60,"15,146,356.70",182,-3.60,3.80,-1.23,1.32,0.00,312.09,304.09,361.00,262.00
SHINE,35.87,404.00,408.50,404.00,407.00,407.00,0.00,0.00,405.87,"19,306.00",408.00,"7,835,712.20",60,-1.00,4.50,-0.25,1.11,0.28,412.24,409.09,449.70,382.00
SHIVM,46.05,665.00,670.00,650.00,664.00,664.00,0.00,0.00,663.76,"397,552.00",650.00,"263,878,882.50","1,970",14.00,20.00,2.15,3.08,0.04,658.42,640.69,730.00,524.00
SHL,23.18,511.00,511.00,496.00,497.10,497.10,0.00,0.00,498.10,"12,590.00",508.70,"6,271,106.70",54,-11.60,15.00,-2.28,3.02,-0.20,501.68,498.95,566.00,464.00
SHLB,29.98,"1,285.00","1,289.10","1,260.00","1,262.50","1,262.50",0.00,0.00,"1,275.10",380.00,"1,323.90","484,539.50",14,-61.40,29.10,-4.64,2.31,-1.00,"1,500.37","1,547.57","1,961.00","1,260.00"
SHPC,23.76,498.00,500.00,492.20,495.00,495.00,0.00,0.00,495.03,"50,020.00",502.00,"24,761,595.60",160,-7.00,7.80,-1.39,1.58,-0.01,516.55,522.76,588.00,475.00
SICL,25.50,545.00,545.50,527.00,527.10,527.10,0.00,0.00,532.76,"14,180.00",559.00,"7,554,510.40",154,-31.90,18.50,-5.71,3.51,-1.07,626.20,628.61,750.00,527.00
SIFC,27.59,485.00,495.00,475.00,482.40,482.40,0.00,0.00,483.16,"4,637.00",485.10,"2,240,409.40",38,-2.70,20.00,-0.56,4.21,-0.16,543.75,545.07,687.40,459.00
SIGS2,22.56,10.27,10.27,9.77,9.90,9.90,0.00,0.00,9.94,"59,830.00",10.27,"594,525.10",12,-0.37,0.50,-3.60,5.12,-0.37,10.30,10.02,11.50,8.90
SIGS3,15.10,10.67,10.67,9.91,9.91,9.91,0.00,0.00,10.19,"52,730.00",10.99,"537,088.70",21,-1.08,0.76,-9.83,7.67,-2.78,10.67,10.41,11.58,8.50
SIKLES,19.90,565.00,565.00,550.30,553.10,553.10,0.00,0.00,555.13,"2,868.00",565.00,"1,592,108.40",58,-11.90,14.70,-2.11,2.67,-0.37,588.20,592.83,848.00,536.30
SINDU,24.20,602.90,603.00,587.30,587.30,587.30,0.00,0.00,590.65,"5,867.00",613.90,"3,465,322.70",93,-26.60,15.70,-4.33,2.67,-0.57,728.27,735.88,919.90,577.00
SIPD,22.21,582.00,590.00,563.00,581.00,581.00,0.00,0.00,569.99,"11,039.00",596.00,"6,292,129.00",316,-15.00,27.00,-2.52,4.80,1.89,0.00,0.00,"1,216.80",284.30
SJCL,23.64,227.00,236.00,227.00,231.10,231.10,0.00,0.00,231.20,"37,981.00",227.00,"8,781,073.20",348,4.10,9.00,1.81,3.96,-0.04,293.87,293.57,365.00,214.20
SJLIC,28.62,400.00,400.00,390.10,390.20,390.20,0.00,0.00,391.95,"12,818.00",402.80,"5,023,982.10",138,-12.60,9.90,-3.13,2.54,-0.45,430.44,437.74,489.90,386.00
SKBBL,30.32,740.20,743.90,735.00,741.60,741.60,0.00,0.00,739.28,"6,986.00",742.50,"5,164,589.50",74,-0.90,8.90,-0.12,1.21,0.31,765.61,778.94,930.00,735.00
SKHEL,27.55,877.00,885.00,800.00,815.00,815.00,0.00,0.00,829.63,"7,026.00",877.00,"5,828,945.80",143,-62.00,85.00,-7.07,10.63,-1.79,0.00,0.00,"2,069.40",284.30
SKHL,21.42,730.00,750.00,707.00,709.10,709.10,0.00,0.00,727.41,"12,937.00",750.30,"9,410,459.20",229,-41.20,43.00,-5.49,6.08,-2.58,0.00,0.00,"1,360.00",300.00
SLBBL,24.24,772.10,784.90,772.00,779.00,779.00,0.00,0.00,778.78,"1,128.00",790.00,"878,462.40",25,-11.00,12.90,-1.39,1.67,0.03,820.27,834.98,968.00,761.90
SLBSL,26.10,880.00,899.90,873.00,882.50,882.50,0.00,0.00,878.82,85.00,877.00,"74,699.50",6,5.50,26.90,0.63,3.08,0.42,"1,188.06","1,231.78","1,525.00",845.00
SLCF,22.08,9.10,9.10,9.01,9.01,9.01,0.00,0.00,9.04,300.00,9.10,"2,712.00",2,-0.09,0.09,-0.99,1.00,-0.33,9.90,9.73,10.70,8.60
SMATA,29.75,680.00,685.00,665.10,675.00,675.00,0.00,0.00,676.85,"2,353.00",695.00,"1,592,622.60",51,-20.00,19.90,-2.88,2.99,-0.27,766.55,777.00,"1,055.00",665.10
SMB,28.95,"1,710.00","1,749.00","1,705.10","1,722.00","1,722.00",0.00,0.00,"1,718.48",525.00,"1,745.00","902,204.00",19,-23.00,43.90,-1.32,2.57,0.20,"1,820.44","1,858.06","2,310.30","1,699.00"
SMFBS,26.73,"1,305.00","1,394.00","1,305.00","1,319.00","1,319.00",0.00,0.00,"1,345.39",122.00,"1,369.00","164,137.00",9,-50.00,89.00,-3.65,6.82,-2.00,"1,579.55","1,615.54","1,808.00","1,305.00"
SMH,24.22,491.00,500.00,490.00,490.00,490.00,0.00,0.00,493.04,"8,607.00",500.00,"4,243,634.20",76,-10.00,10.00,-2.00,2.04,-0.62,563.43,624.97,"1,024.80",482.60
SMHL,36.69,525.00,527.90,520.00,525.00,525.00,0.00,0.00,523.96,"92,542.00",525.00,"48,487,962.30",402,0.00,7.90,0.00,1.52,0.20,499.55,526.90,978.00,443.00
SMJC,18.14,411.20,415.00,394.10,400.00,400.00,0.00,0.00,402.75,"15,436.00",419.00,"6,216,827.30",156,-19.00,20.90,-4.53,5.30,-0.69,461.77,473.13,580.00,394.10
SMPDA,32.41,735.00,735.00,720.00,729.00,729.00,0.00,0.00,723.21,"1,161.00",740.00,"839,644.90",30,-11.00,15.00,-1.49,2.08,0.79,822.06,844.73,"1,064.00",712.10
SNLI,31.02,380.00,391.00,375.00,387.60,387.60,0.00,0.00,386.68,"10,890.00",390.00,"4,210,905.10",178,-2.40,16.00,-0.62,4.27,0.24,444.98,457.08,528.30,375.00
SNORL,26.43,860.10,864.90,840.00,850.10,850.10,0.00,0.00,854.35,"11,040.00",866.00,"9,432,028.00",341,-15.90,24.90,-1.84,2.96,-0.50,0.00,0.00,"1,017.10",298.70
SOHL,22.15,660.00,664.80,645.90,648.00,648.00,0.00,0.00,651.24,"75,473.00",660.00,"49,150,788.80","1,095",-12.00,18.90,-1.82,2.93,-0.50,0.00,0.00,875.50,300.00
SONA,46.05,415.00,425.00,403.00,416.90,416.90,0.00,0.00,415.68,"188,835.00",408.00,"78,494,404.40","1,035",8.90,22.00,2.18,5.46,0.29,433.40,431.82,510.00,385.00
SOPL,30.98,758.00,758.00,733.00,736.00,736.00,0.00,0.00,740.16,"19,391.00",758.00,"14,352,472.90",705,-22.00,25.00,-2.90,3.41,-0.57,0.00,0.00,"1,217.00",276.50
SPC,29.89,408.80,408.90,377.00,382.00,382.00,0.00,0.00,380.93,"9,991.00",397.00,"3,805,839.30",61,-15.00,31.90,-3.78,8.46,0.28,454.41,474.08,577.00,372.00
SPDL,28.29,359.80,359.90,345.10,349.70,349.70,0.00,0.00,347.72,"32,622.00",353.00,"11,343,442.90",84,-3.30,14.80,-0.93,4.29,0.57,395.45,398.94,474.00,345.00
SPHL,25.72,510.00,540.00,495.00,540.00,540.00,0.00,0.00,509.78,"8,262.00",523.00,"4,211,799.80",101,17.00,45.00,3.25,9.09,5.60,548.30,551.78,708.00,477.10
SPIL,26.02,611.10,613.00,580.10,588.00,588.00,0.00,0.00,601.13,"15,057.00",625.00,"9,051,170.40",82,-37.00,32.90,-5.92,5.67,-2.23,709.60,712.53,844.10,580.10
SPL,29.50,621.70,621.70,603.10,619.90,619.90,0.00,0.00,605.18,"1,204.00",640.90,"728,633.00",20,-21.00,18.60,-3.28,3.08,2.38,695.22,744.45,"1,000.00",598.00
SRLI,32.26,357.30,358.00,350.00,354.70,354.70,0.00,0.00,352.98,"20,451.00",357.30,"7,218,876.50",157,-2.60,8.00,-0.73,2.29,0.48,389.61,392.12,437.70,350.00
SSHL,25.93,192.00,192.00,188.00,188.00,188.00,0.00,0.00,189.96,"80,406.00",194.00,"15,274,163.50",305,-6.00,4.00,-3.09,2.13,-1.04,212.03,198.92,251.00,151.00
STC,20.94,"5,200.00","5,300.00","5,150.10","5,168.00","5,168.00",0.00,0.00,"5,167.24",265.00,"5,170.00","1,369,319.90",16,-2.00,149.90,-0.04,2.91,0.01,"5,537.51","5,533.87","6,335.90","4,832.00"
SWASTIK,25.92,"1,850.00","1,904.00","1,807.00","1,859.90","1,859.90",0.00,0.00,"1,863.97",666.00,"1,904.00","1,241,405.10",33,-44.10,97.00,-2.32,5.37,-0.22,"2,345.64","2,422.68","3,400.00",391.70
SWBBL,30.60,658.10,668.00,650.30,663.90,663.90,0.00,0.00,663.62,"4,323.00",668.00,"2,868,848.50",43,-4.10,17.70,-0.61,2.72,0.04,720.81,732.94,880.00,630.50
SWMF,28.02,578.50,580.00,574.00,580.00,580.00,0.00,0.00,575.61,"1,379.00",587.00,"793,763.20",30,-7.00,6.00,-1.19,1.05,0.76,653.26,662.60,754.00,574.00
SYPNL,44.76,"1,244.30","1,319.00","1,230.10","1,293.00","1,293.00",0.00,0.00,"1,291.21","85,617.00","1,244.30","110,549,611.20","1,167",48.70,88.90,3.91,7.23,0.14,"1,510.04",0.00,"2,255.90",319.80
TAMOR,28.97,477.50,480.00,475.00,480.00,480.00,0.00,0.00,476.92,"91,097.00",482.00,"43,445,609.20",296,-2.00,5.00,-0.41,1.05,0.64,449.79,449.97,510.90,396.40
TPC,20.70,345.00,348.00,340.50,344.00,344.00,0.00,0.00,344.05,"7,928.00",350.00,"2,727,660.00",42,-6.00,7.50,-1.71,2.20,-0.02,372.78,372.57,450.00,270.10
TPKHL,17.59,490.10,505.00,488.00,488.00,488.00,0.00,0.00,492.84,"18,884.00",509.00,"9,306,847.20",657,-21.00,17.00,-4.13,3.48,-0.99,0.00,0.00,772.50,300.00
TRH,29.11,796.00,812.00,777.00,790.00,790.00,0.00,0.00,787.88,"26,643.00",818.00,"20,991,442.50",49,-28.00,35.00,-3.42,4.50,0.27,773.59,758.76,963.00,681.10
TSHL,24.16,336.00,336.00,321.10,325.00,325.00,0.00,0.00,327.79,"3,321.00",338.00,"1,088,587.50",71,-13.00,14.90,-3.85,4.64,-0.86,539.57,610.01,900.00,308.10
TTL,28.63,685.00,685.00,670.20,670.20,670.20,0.00,0.00,676.18,"8,539.00",690.00,"5,773,942.80",184,-19.80,14.80,-2.87,2.21,-0.89,797.12,817.95,"1,173.00",670.00
TVCL,21.74,345.00,345.00,300.90,344.00,344.00,0.00,0.00,318.17,"26,131.00",354.00,"8,314,129.80",283,-10.00,44.10,-2.82,14.66,7.51,520.38,507.12,689.00,300.90
UAIL,24.05,380.00,382.00,371.10,371.30,371.30,0.00,0.00,374.68,"19,219.00",388.80,"7,200,978.20",186,-17.50,10.90,-4.50,2.94,-0.91,453.65,455.61,536.00,371.10
UHEWA,21.16,600.00,618.00,585.00,590.00,590.00,0.00,0.00,591.32,"23,268.00",604.00,"13,758,831.90",246,-14.00,33.00,-2.32,5.64,-0.22,594.69,588.00,692.60,521.00
ULBSL,42.80,"2,310.00","2,725.00","2,310.00","2,725.00","2,725.00",0.00,0.00,"2,431.22","1,952.00","2,408.00","4,745,739.40",54,317.00,415.00,13.16,17.97,10.78,"2,946.13","3,103.99","4,325.00","2,310.00"
ULHC,23.77,300.00,300.00,286.00,287.10,287.10,0.00,0.00,290.37,"10,586.00",301.00,"3,073,817.50",91,-13.90,14.00,-4.62,4.90,-1.14,449.82,461.43,599.00,286.00
UMHL,26.14,550.10,558.00,548.00,558.00,558.00,0.00,0.00,551.58,"93,138.00",559.90,"51,372,671.20",158,-1.90,10.00,-0.34,1.82,1.15,591.49,593.59,706.00,495.00
UMRH,32.15,505.10,514.90,505.10,514.90,514.90,0.00,0.00,507.32,"4,276.00",519.70,"2,169,292.70",36,-4.80,9.80,-0.92,1.94,1.47,540.11,546.66,622.00,505.10
UNHPL,28.33,345.00,358.80,340.10,349.80,349.80,0.00,0.00,347.48,"19,119.00",358.00,"6,643,476.80",95,-8.20,18.70,-2.29,5.50,0.66,438.94,454.60,571.00,340.10
UNL,30.41,"46,300.00","46,300.00","46,200.00","46,200.00","46,200.00",0.00,0.00,"46,250.00",20.00,"47,200.00","925,000.00",2,"-1,000.00",100.00,-2.12,0.22,-0.11,"46,956.16","47,075.38","49,738.90","45,200.00"
UNLB,26.03,"1,277.00","1,277.00","1,198.00","1,233.90","1,233.90",0.00,0.00,"1,218.83","1,017.00","1,240.00","1,239,551.00",24,-6.10,79.00,-0.49,6.59,1.22,"1,441.97","1,597.06","2,306.00","1,198.00"
UPCL,27.91,325.20,326.00,318.40,324.00,324.00,0.00,0.00,321.94,"68,824.00",333.00,"22,157,182.10",196,-9.00,7.60,-2.70,2.39,0.64,369.31,369.82,430.40,318.40
UPPER,27.71,184.00,186.00,180.10,181.20,181.20,0.00,0.00,181.62,"78,180.00",184.00,"14,199,295.80",455,-2.80,5.90,-1.52,3.28,-0.23,203.22,195.70,242.60,166.00
USHEC,22.05,490.00,490.00,481.30,481.30,481.30,0.00,0.00,482.66,"6,455.00",496.00,"3,115,551.90",70,-14.70,8.70,-2.96,1.81,-0.28,498.26,489.13,539.10,432.00
USHL,18.89,520.00,520.00,511.10,520.00,520.00,0.00,0.00,515.40,412.00,533.70,"212,344.80",27,-13.70,8.90,-2.57,1.74,0.88,610.45,672.03,945.00,468.10
USLB,26.51,950.00,952.00,944.00,951.00,951.00,0.00,0.00,950.71,"1,314.00",970.00,"1,249,229.30",25,-19.00,8.00,-1.96,0.85,0.03,"1,266.82","1,343.67","2,420.00",941.00
VLBS,27.30,615.00,616.40,605.00,607.90,607.90,0.00,0.00,608.08,"2,289.00",620.00,"1,391,885.60",88,-12.10,11.40,-1.95,1.88,-0.03,711.17,730.73,876.00,605.00
VLUCL,28.01,373.00,387.50,363.30,368.00,368.00,0.00,0.00,366.32,"2,695.00",383.50,"987,225.00",53,-15.50,24.20,-4.04,6.66,0.46,483.02,512.65,652.00,363.30
WNLB,26.72,"1,110.00","1,110.00","1,010.00","1,012.00","1,012.00",0.00,0.00,"1,044.44","1,905.00","1,110.00","1,989,662.20",67,-98.00,100.00,-8.83,9.90,-3.21,"1,425.57","1,512.32","2,255.00","1,010.00"
YMHL,26.27,575.00,580.00,560.00,571.00,571.00,0.00,0.00,564.77,"12,681.00",593.90,"7,161,876.20",534,-22.90,20.00,-3.86,3.57,1.09,0.00,0.00,797.60,300.00
